{"cameraMode":{"drawMode":0,"name":"Shaded","section":"Shading Mode"},"sceneLighting":true,"audioPlay":false,"sceneViewState":{"showFog":true,"showMaterialUpdate":true,"showSkybox":true,"showFlares":true,"showImageEffects":true,"showParticleSystems":true},"in2DMode":false,"pivot":{"x":-193.5,"y":31.600000381469728,"z":-155.89999389648438},"rotation":{"x":-0.09221441298723221,"y":-0.033756233751773837,"z":0.003127706004306674,"w":-0.99516761302948},"size":22.989999771118165,"orthographic":false}